bank,creationdate
ml.com,5/16/1990
cigna.com,1/17/1992
jpmorgan.com,4/24/1992
bankone.com,11/24/1992
agedwards.com,1/11/1993
lehman.com,3/26/1993
ntrs.com,7/19/1993
aib.com,10/4/1993
prudential.com,6/22/1994
fbr.com,8/16/1994
centura.com,9/16/1994
sbbt.com,9/28/1994
talbots.com,11/3/1994
guardianlife.com,12/28/1994
ljbank.com,1/27/1995
fleet.com,2/12/1995
sbk.com,2/14/1995
mellon.com,3/4/1995
interbank.com,3/5/1995
mbna.com,3/6/1995
amtrust.com,4/4/1995
fcnb.com,4/21/1995
bankatlantic.com,5/18/1995
bbnb.com,6/4/1995
sbmct.com,6/22/1995
wachovia.com,7/12/1995
wnb.com,7/14/1995
amsouth.com,7/29/1995
firstfed.com,7/29/1995
mainebank.com,7/29/1995
midamericabank.com,7/29/1995
bbandt.com,8/1/1995
mibank.com,8/2/1995
bankersbank.com,8/10/1995
morgankeegan.com,8/10/1995
obb.com,8/13/1995
chittenden.com,8/14/1995
communityfirst.com,8/23/1995
nationalcity.com,8/25/1995
valleybank.com,8/28/1995
cascadebank.com,8/31/1995
ccbt.com,9/7/1995
nantucketbank.com,9/8/1995
fbbh.com,9/9/1995
firstessex.com,9/15/1995
amcore.com,9/20/1995
privatebank.com,9/28/1995
sixrivers.com,10/7/1995
sjnb.com,10/11/1995
wbpr.com,10/20/1995
dgnb.com,10/25/1995
communitybank.com,10/26/1995
republicbankfl.com,10/26/1995
adamsbank.com,10/29/1995
coastalbanc.com,11/6/1995
lasallebanks.com,11/6/1995
firstnationalbank.com,11/12/1995
sdnb.com,11/12/1995
fnanb.com,11/16/1995
centralbk.com,11/17/1995
citrusbank.com,11/17/1995
pointebank.com,11/29/1995
firstfedamerica.com,11/30/1995
paccrest.com,11/30/1995
northforkbank.com,12/5/1995
advest.com,12/6/1995
goldensecurity.com,12/8/1995
ustrust.com,12/11/1995
cupnb.com,12/12/1995
hawthornesavings.com,12/13/1995
first-fidelity.com,12/22/1995
firstvirginia.com,12/22/1995
bsbbank.com,12/26/1995
countybank.com,1/2/1996
southtrust.com,1/5/1996
capitalbank.com,1/13/1996
geobank.com,1/16/1996
wamu.com,1/17/1996
parkvale.com,1/18/1996
yosemitebank.com,1/18/1996
farwestbank.com,1/22/1996
unionfedbank.com,1/24/1996
farmersbank.com,2/2/1996
troysavingsbank.com,2/2/1996
leedsfsb.com,2/7/1996
strategiccap.com,2/10/1996
granitebank.com,2/11/1996
interstatebank.com,2/11/1996
aifusa.com,2/15/1996
gatewaybank.com,2/15/1996
irwinunion.com,2/15/1996
vintagebank.com,2/20/1996
suburbanfsb.com,2/22/1996
1stfederal.com,2/23/1996
snbank.com,2/23/1996
superiorfederal.com,2/23/1996
citynationalbank.com,2/24/1996
compassbank.com,3/3/1996
borel.com,3/4/1996
fcb-hsv.com,3/5/1996
fnbolathe.com,3/7/1996
ubcd.com,3/12/1996
citizens1st.com,3/13/1996
downeysavings.com,3/14/1996
yanb.com,3/14/1996
lyndonbank.com,3/15/1996
allegiantbank.com,3/16/1996
firstindiana.com,3/16/1996
wilberbank.com,3/16/1996
woronoco.com,3/17/1996
superiorbank.com,3/24/1996
comfedbank.com,3/25/1996
firstsavings.com,3/26/1996
fnb-beatrice.com,3/27/1996
humboldtbank.com,3/27/1996
worldsavings.com,3/27/1996
thecommbank.com,3/28/1996
uniontrust.com,3/29/1996
fmsb.com,3/31/1996
firstcommercialbank.com,4/2/1996
frontierbank.com,4/2/1996
blcnet.com,4/3/1996
columbianbank.com,4/3/1996
fmbanks.com,4/9/1996
bankoffallriver.com,4/11/1996
fnbk.com,4/11/1996
firstregional.com,4/13/1996
ameribank.com,4/14/1996
cibbank.com,4/16/1996
gebank.com,4/17/1996
ocwen.com,4/17/1996
allbank.com,4/18/1996
pbtok.com,4/19/1996
plymouthsavings.com,4/21/1996
belmontbank.com,4/23/1996
chevychasebank.com,4/23/1996
ssbnet.com,4/25/1996
bfsb.com,4/26/1996
asbonline.com,4/27/1996
unionplanters.com,4/27/1996
lostpines.com,4/30/1996
pobank.com,5/5/1996
franklinsavings.com,5/8/1996
belviderebank.com,5/9/1996
stfrancisbank.com,5/9/1996
bluestem.com,5/10/1996
unionnational.com,5/15/1996
royalamerican.com,5/18/1996
sjbank.com,5/21/1996
first-american.com,5/23/1996
heritagebankaz.com,5/23/1996
rgonline.com,5/28/1996
cornerstonebank.com,5/29/1996
selectbank.com,5/30/1996
commercialbank.com,5/31/1996
corusbank.com,6/4/1996
peoplesbankky.com,6/6/1996
amernat.com,6/10/1996
irwinbank.com,6/11/1996
enbank.com,6/12/1996
unionsafe.com,6/14/1996
cnbgreeley.com,6/15/1996
fcbcf.com,6/18/1996
summitbk.com,6/19/1996
hcbank.com,6/25/1996
bartonvillebank.com,7/1/1996
whitneybank.com,7/1/1996
ggbank.com,7/2/1996
goldbank.com,7/2/1996
heritageonline.com,7/3/1996
brooklynbank.com,7/4/1996
greenpoint.com,7/6/1996
midstatebank.com,7/8/1996
wfib.com,7/8/1996
securitystatebank.com,7/15/1996
businessbank.com,7/16/1996
trustcompany.com,7/17/1996
rsb.net,7/18/1996
pacificstatebank.com,7/20/1996
firstwesternbank.com,7/23/1996
cnatrust.com,7/26/1996
snbtx.com,7/26/1996
firstmutual.com,7/29/1996
commerceonline.com,7/30/1996
frsb.com,8/5/1996
glsb.com,8/7/1996
firstbank-alma.com,8/8/1996
libertystatebank.com,8/9/1996
massbank.com,8/18/1996
cbt.net,8/20/1996
patriotbank.com,8/20/1996
perpetualsavings.com,8/20/1996
pepperelltrust.com,8/21/1996
tibbank.com,8/23/1996
nbank.com,8/27/1996
mdbank.com,8/28/1996
nbne.com,8/30/1996
bankoftuscaloosa.com,9/5/1996
cambridgeport.com,9/5/1996
lpsb.com,9/9/1996
cmbank.com,9/10/1996
westernsecurity.com,9/11/1996
burlbank.com,9/12/1996
ravallibank.com,9/16/1996
irnb.com,9/19/1996
cbnk.com,9/20/1996
ingdirect.com,9/20/1996
firstknox.com,9/24/1996
peoplesoxford.com,9/24/1996
paragonbank.com,9/25/1996
vikingbank.com,10/1/1996
beverlynational.com,10/6/1996
fcb-keokuk.com,10/7/1996
unbla.com,10/7/1996
colonialbk.com,10/15/1996
anbf.com,10/22/1996
msbk.com,10/23/1996
fnbbelleville.com,10/25/1996
bankofnashville.com,10/28/1996
miheritage.com,10/30/1996
ibcp.com,11/6/1996
benfranklinbank.com,11/8/1996
regionalbank.com,11/8/1996
unioncolonybank.com,11/12/1996
castlebank.com,11/14/1996
fnbl.com,11/14/1996
pffbank.com,11/14/1996
bank10.com,11/17/1996
americansterling.com,11/19/1996
firstinvestors.com,11/19/1996
firstbanktexas.com,11/20/1996
unionstate.com,11/22/1996
gwbt.com,11/26/1996
fnbchelseaok.com,12/2/1996
omegafinancial.com,12/3/1996
firststarbank.com,12/6/1996
dcbank.com,12/10/1996
westpointebank.com,12/10/1996
danversbank.com,12/12/1996
pchnb.com,12/13/1996
wfb.com,12/16/1996
firstindependentbank.com,12/17/1996
1stbk.com,12/19/1996
habcorp.com,12/19/1996
mainstreetbank.com,12/21/1996
firstindy.com,12/27/1996
affiliatedbanks.com,12/30/1996
bankwmass.com,1/1/1997
statebankofli.com,1/14/1997
elmirabank.com,1/15/1997
heritagecommunitybank.com,1/15/1997
metrobankfl.com,1/15/1997
fnb-bcs.com,1/17/1997
hagerstowntrust.com,1/17/1997
sandridgebank.com,1/19/1997
butlerbank.com,1/21/1997
metrobanker.com,1/22/1997
statebankviroqua.com,1/22/1997
perrystatebk.com,1/23/1997
securitystate.com,1/23/1997
statebk.com,1/23/1997
midcarolinabank.com,1/24/1997
1stunitedbank.com,1/28/1997
oceansidebank.com,1/28/1997
eurobankpr.com,1/30/1997
charterco.com,2/1/1997
pennfsb.com,2/3/1997
delawarenational.com,2/4/1997
exchangebk.com,2/5/1997
cbnv.com,2/8/1997
bank-trust.com,2/13/1997
citadelbank.com,2/14/1997
bankoflenawee.com,2/19/1997
brownsvilledeposit.com,2/19/1997
firstheritagebank.com,2/19/1997
riggsbank.com,2/19/1997
fnbanksc.com,2/21/1997
diablobank.com,2/23/1997
cfsbank.com,2/24/1997
statebankoxford.com,2/24/1997
dcsb.com,2/26/1997
banksterling.com,2/28/1997
qcfb.com,3/3/1997
fcbmaine.com,3/6/1997
wainwrightbank.com,3/6/1997
eastpennbank.com,3/7/1997
bayviewbank.com,3/8/1997
darbybank.com,3/8/1997
fnbruidoso.com,3/8/1997
secondnationalbank.com,3/14/1997
coastalfederal.com,3/18/1997
aliantbank.com,3/26/1997
interconbank.com,3/27/1997
coloradosbank.com,3/28/1997
nynb.com,3/28/1997
cbobanker.com,3/29/1997
centurynationalbank.com,3/29/1997
coop-bank.com,3/29/1997
cbtwga.com,4/1/1997
newsouthfederal.com,4/1/1997
communitybanks.com,4/2/1997
bankofillinois.com,4/4/1997
firstkeystone.com,4/9/1997
landmarkbanks.com,4/10/1997
northsidebank.com,4/12/1997
bankonus.com,4/15/1997
bankpnb.com,4/17/1997
lawlerbk.com,4/22/1997
gbbk.com,4/23/1997
capitalbank-nc.com,4/25/1997
feltonbank.com,4/25/1997
borregospringsbank.com,4/28/1997
advancefinancial.com,4/30/1997
turnberrybank.com,5/1/1997
countynational.com,5/2/1997
hillcrestbank.com,5/2/1997
bankofcoweta.com,5/3/1997
eagle-bank.com,5/6/1997
emprise.com,5/6/1997
firstcapitalbank.com,5/9/1997
wiltonbank.com,5/10/1997
cambank.com,5/13/1997
pulaskibank.com,5/15/1997
premierbank.com,6/5/1997
firstgaston.com,6/6/1997
greatamericanfederal.com,6/6/1997
unitedtrust.com,6/10/1997
bayareabank.com,6/20/1997
mpnb.com,6/20/1997
bowmillsbank.com,6/21/1997
firstcharter.com,6/21/1997
candcbank.com,6/22/1997
lcbank.com,6/22/1997
harborcommunity.com,6/24/1997
northernnationalbank.com,6/24/1997
silverstatebank.com,6/27/1997
texaspremier.com,6/27/1997
unitednebank.com,6/27/1997
aea-bank.com,7/2/1997
providian.com,7/2/1997
sonomavalleybank.com,7/5/1997
monticellobank.com,7/7/1997
mountainnational.com,7/7/1997
savannahbank.com,7/9/1997
lafayettesavings.com,7/10/1997
wakullabank.com,7/10/1997
fnbcamden.com,7/15/1997
tcbank.com,7/16/1997
bankofhanover.com,7/17/1997
wsb.net,7/22/1997
apbank.com,7/24/1997
bankcalumet.com,7/24/1997
factorypoint.com,7/26/1997
natickfederal.com,7/28/1997
bankofasheville.com,7/30/1997
inficorp.com,7/30/1997
banknorthwest.com,8/1/1997
farmersandmechanics.com,8/1/1997
superiorsavings.com,8/6/1997
statebank-dillon.com,8/11/1997
csbt.com,8/21/1997
firstbank1.com,8/24/1997
bankofwhitman.com,8/28/1997
fnbv.com,8/28/1997
wsnb.com,8/28/1997
merrillmerchants.com,9/6/1997
prosperitybankva.com,9/7/1997
caloaks.com,9/9/1997
cartercountybank.com,9/11/1997
comfirst.com,9/11/1997
homevalleybank.com,9/11/1997
pdnb.com,9/15/1997
statebanktrust.com,9/15/1997
westernstatebank.com,9/15/1997
firstandocean.com,9/20/1997
nbstamford.com,9/28/1997
firstsignature.com,9/29/1997
spectrumbank.com,10/1/1997
communitytrustbank.com,10/6/1997
decaturfirstbank.com,10/6/1997
barnesbank.com,10/10/1997
nlsb.com,10/10/1997
omnibk.com,10/11/1997
homenational.com,10/15/1997
riversidegc.com,10/15/1997
bankofpetaluma.com,10/17/1997
mercantileweb.com,10/17/1997
pastatebank.com,10/17/1997
newtontrust.com,10/18/1997
fwsb.com,10/20/1997
coastcommercialbank.com,10/21/1997
rainierpac.com,10/21/1997
harrisondepositbank.com,10/22/1997
fnbgrove.com,10/23/1997
onb.com,10/24/1997
privest.com,10/26/1997
nbgeneva.com,10/27/1997
wycobank.com,10/27/1997
steelvalleybank.com,10/29/1997
combk.com,10/31/1997
fsbnora.com,10/31/1997
nscoopbank.com,10/31/1997
abingtonbank.com,11/4/1997
csbbanking.com,11/4/1997
harborfederal.com,11/4/1997
peakbank.com,11/4/1997
firstbankslo.com,11/5/1997
foleybank.com,11/5/1997
citizensbanknc.com,11/6/1997
stockmensbank.com,11/7/1997
fnbtr.com,11/11/1997
vanguardbank.com,11/12/1997
peoplesbt.com,11/13/1997
trumanbank.com,11/13/1997
southernexchangebank.com,11/17/1997
transatlanticbank.com,11/20/1997
bankwi.com,11/21/1997
modcombank.com,11/24/1997
vcbank.net,11/25/1997
sjcb.com,11/26/1997
broadwaybankchicago.com,12/1/1997
communitynatbank.com,12/1/1997
summitbank.net,12/1/1997
centralkyfsb.com,12/2/1997
beachfirst.com,12/3/1997
canyonnational.com,12/8/1997
securitybank.net,12/8/1997
1stfederalbank.com,12/9/1997
harleysvillebank.com,12/9/1997
valleyridge.com,12/9/1997
sbtrust.com,12/10/1997
affinitybank.com,12/11/1997
jacksonstatebank.com,12/16/1997
sheridanstatebank.com,12/17/1997
shoshonefirstbank.com,12/17/1997
fnbmarengo.com,12/21/1997
unitedkentuckybank.com,12/22/1997
fbnw.com,12/26/1997
progressbank.com,12/29/1997
thehomebank.com,12/30/1997
fmbank.net,12/31/1997
fnbfairfield.com,12/31/1997
securitynationalbank.com,12/31/1997
thebank-fcb.com,12/31/1997
dsbank.com,1/2/1998
peoplesnb.com,1/5/1998
falmouthbank.com,1/6/1998
oakhillbanks.com,1/7/1998
charterbankwa.com,1/8/1998
lvfb.com,1/11/1998
northamericanbank.com,1/12/1998
seaislandbank.com,1/12/1998
ocalanationalbank.com,1/16/1998
marklebank.com,1/17/1998
firstsaversbank.com,1/20/1998
teambank-na.com,1/20/1998
texasstatebank.com,1/22/1998
temvalbank.com,1/24/1998
crescentbank.com,1/27/1998
palmerbank.com,1/29/1998
parknatl.com,1/29/1998
westsoundbank.com,1/29/1998
interchangebank.com,1/30/1998
paramountbank.com,1/30/1998
hblsbank.com,2/10/1998
firstcoastalbank.com,2/11/1998
portagebank.com,2/11/1998
lakecommunitybank.com,2/12/1998
heritagebanks.com,2/13/1998
banksouth.com,2/15/1998
stonecitybank.com,2/20/1998
firstmybank.com,2/25/1998
wnbk.com,2/25/1998
commercialcapital.com,2/26/1998
roslyn.com,3/2/1998
uninatbk.com,3/4/1998
bankofsmithtown.com,3/5/1998
mycommunitybank.com,3/5/1998
parkavenuebank.com,3/5/1998
oaklandbank.com,3/7/1998
advance-bank.com,3/9/1998
bankofthehills.com,3/10/1998
bankofyellville.com,3/10/1998
polkcountybank.com,3/10/1998
riversidenb.com,3/10/1998
firstbankfarmersville.com,3/11/1998
csbanks.com,3/13/1998
northcoastbank.com,3/13/1998
farmersbanklynchburgtn.com,3/18/1998
communitycentralbank.com,3/23/1998
fsbfm.com,3/23/1998
chicagocommunitybank.com,3/24/1998
edensbank.com,3/24/1998
metropolitanbank.com,3/24/1998
bankofsantaclara.com,3/27/1998
nnba.com,3/27/1998
bankcb.com,3/30/1998
unitedcommunity.com,3/30/1998
1stnationalbank.com,4/4/1998
gflsb.com,4/5/1998
citigroup.com,4/6/1998
fsbb.com,4/7/1998
shelbycountybank.com,4/9/1998
athensfirstbank.com,4/14/1998
bankofpensacola.com,4/14/1998
cohuttabank.com,4/14/1998
combanktrust.com,4/14/1998
fnb-jasper.com,4/14/1998
greatbasinbank.com,4/14/1998
nationalbanksc.com,4/14/1998
paoniastatebank.com,4/14/1998
securitybank-albany.com,4/14/1998
sumterbank.com,4/14/1998
sarasotabank.com,4/17/1998
gbt.com,4/18/1998
citizens-merchantsbank.com,4/20/1998
palosbank.com,4/23/1998
thebankyourbank.com,4/24/1998
communitybanknv.com,4/25/1998
nvsb.com,4/28/1998
morrisbl.com,5/1/1998
centennialbanks.com,5/4/1998
fsbaltus.com,5/7/1998
gscb.com,5/7/1998
americancommunitybank.com,5/8/1998
csbwaterloo.com,5/8/1998
tpbonline.com,5/11/1998
buttecommunity.com,5/14/1998
countrybankusa.com,5/14/1998
dryadesbank.com,5/16/1998
fnbgc.com,5/18/1998
mesabank.com,5/20/1998
champaignbank.com,5/21/1998
flbk.com,5/21/1998
cbtbank.com,5/26/1998
netbank.com,5/26/1998
banksanjuans.com,5/27/1998
potomacbank.com,5/27/1998
statenationalbank.com,5/27/1998
csbnj.com,5/28/1998
monroebank.com,5/29/1998
oaksbank.com,5/31/1998
alamobank.com,6/1/1998
bryanbank.com,6/1/1998
anbcleveland.com,6/5/1998
fnbfl.com,6/5/1998
trinitybank.com,6/8/1998
federaltrust.com,6/9/1998
prairiestatebank.com,6/9/1998
thebanks.com,6/9/1998
banklakeside.com,6/12/1998
sbna.com,6/12/1998
bordertrust.com,6/13/1998
valleybanks.com,6/13/1998
bankhiawassee.com,6/15/1998
anbwy.com,6/19/1998
parkavebank.com,6/22/1998
consolidatedbank.com,6/24/1998
fnblafollette.com,6/25/1998
heritageiowa.com,6/26/1998
maynardville.com,6/29/1998
sccb.com,6/29/1998
shelterbank.com,6/29/1998
abingtonsavings.com,7/1/1998
ccfnb.com,7/3/1998
santaluciabank.com,7/6/1998
skylandscombank.com,7/6/1998
tambank.com,7/6/1998
wcb.com,7/10/1998
centurybankfl.com,7/14/1998
psbnetbank.com,7/14/1998
mfbb.com,7/22/1998
insurbanc.com,7/23/1998
bankofarkansas.com,7/28/1998
bankoftexas.com,7/28/1998
beardstownfsb.com,7/29/1998
bankofalbuquerque.com,7/30/1998
fnbcedarfalls.com,7/30/1998
inatbank.com,7/30/1998
bergencommercial.com,8/3/1998
rockcommunitybank.com,8/3/1998
graftonstatebank.com,8/6/1998
elginbank.com,8/7/1998
first-western-bank.com,8/7/1998
skyfi.com,8/10/1998
beaconfederal.com,8/11/1998
jamesmonroebank.com,8/14/1998
fccbank.com,8/21/1998
fnbonline.com,8/24/1998
vineyardbank.com,8/27/1998
redoakbank.com,8/30/1998
floridachoicebank.com,9/1/1998
susqbkmd.com,9/1/1998
fullertoncb.com,9/2/1998
nittanybank.com,9/3/1998
midamericanbank.com,9/8/1998
bullittcountybank.com,9/11/1998
cnbsara.com,9/12/1998
mcmullenbank.com,9/15/1998
firsttexasbank-rr.com,9/16/1998
bank1stalbuquerque.com,9/17/1998
adelbanking.com,9/18/1998
lbony.com,9/22/1998
columbiariverbank.com,9/25/1998
first-federal-bank.com,9/27/1998
coquinabank.com,9/29/1998
directmerchantsbank.com,9/29/1998
kearneysb.com,9/29/1998
lnb.com,9/30/1998
vbnv.com,10/6/1998
peoplesfirst.com,10/7/1998
txcoastalbk.com,10/7/1998
highcountrybank.com,10/8/1998
mtwashingtonbank.com,10/8/1998
union-bankrc.com,10/8/1998
skybank.com,10/15/1998
americanmarinebank.com,10/16/1998
bankanderson.com,10/16/1998
fbtrust.com,10/16/1998
senecanb.com,10/16/1998
williamstownsavings.com,10/20/1998
wcnb.com,10/21/1998
nestatebank.com,10/22/1998
fcbflorida.com,10/23/1998
alliancebankva.com,10/26/1998
landmarksavingsbank.com,10/26/1998
bankofbolivar.com,10/27/1998
citizensfirst-rome.com,10/27/1998
ubaz.com,10/27/1998
bankatmcb.com,10/29/1998
ccb-idaho.com,10/29/1998
citnatbk.com,10/29/1998
fmstatebank.com,10/29/1998
hudsonriverbank.com,10/29/1998
mnbny.com,10/29/1998
flagbank.com,11/2/1998
newcenturybk.com,11/2/1998
westernreservebank.com,11/2/1998
bankofcurrituck.com,11/3/1998
bucsfederal.com,11/3/1998
citizensbanking.com,11/3/1998
southernnationalbank.com,11/3/1998
foothillsbank.com,11/4/1998
ozaukeebank.com,11/6/1998
firstfederalbank.com,11/7/1998
millenniumbank.net,11/9/1998
birdislandbank.com,11/11/1998
fsb-vinton.com,11/11/1998
lospadresbank.com,11/11/1998
bankr.com,11/12/1998
oldflbank.com,11/16/1998
tibom.com,11/18/1998
communitybankssb.net,11/19/1998
platinumbank.net,11/19/1998
swcbank.com,11/19/1998
magicvalleybank.com,11/24/1998
1stfedbank.com,11/25/1998
banksouthwest.com,11/30/1998
cbfv.com,12/1/1998
gbtrust.com,12/1/1998
nbwc.com,12/1/1998
premierbankonline.com,12/2/1998
tremontsavings.com,12/5/1998
gab.com,12/8/1998
applevalleybank.com,12/11/1998
fcbtampa.com,12/11/1998
mountainbank.net,12/14/1998
charterbank-trust.com,12/15/1998
bankoflodi.com,12/16/1998
thelegacybank.com,12/16/1998
bankfranklin.com,12/18/1998
fnbtsyr.com,12/18/1998
credicardbank.com,12/21/1998
alphacommunitybank.com,12/24/1998
fmb-online.com,12/24/1998
theriverbank.com,12/24/1998
greenwichbankandtrust.com,1/2/1999
1stcitizens.com,1/6/1999
miraebank.com,1/6/1999
friendlybremenbank.com,1/7/1999
fnb-fnb.com,1/8/1999
firstsuburbanbank.com,1/9/1999
gnbtx.com,1/11/1999
bankofelmwood.com,1/12/1999
cn-bank.com,1/12/1999
stnb.com,1/12/1999
cbt-alabama.com,1/13/1999
nanb.com,1/14/1999
communitycapitalbank.com,1/17/1999
cnbnb.com,1/18/1999
cowlitzbank.com,1/20/1999
fbnb.com,1/20/1999
firstcommunitybank.net,1/21/1999
bankplace.com,1/22/1999
bayfinancial.com,1/22/1999
greatercommunitybank.com,1/24/1999
service1stbank.com,1/24/1999
allegiancebank.com,1/25/1999
fsbmsla.com,1/27/1999
hydeparkbank.net,1/27/1999
fsbj.com,1/29/1999
hfsbank.com,1/29/1999
panasiabank.com,1/29/1999
todaysbank.com,1/29/1999
communitybankonline.com,2/1/1999
wgnb.com,2/1/1999
spiritbank.net,2/3/1999
combanc.com,2/4/1999
waukeestatebank.com,2/6/1999
broadwaynationalbank.com,2/8/1999
colonialbank.com,2/9/1999
fsbtf.com,2/9/1999
bigskybank.com,2/10/1999
citybankhi.com,2/11/1999
icbbank.com,2/11/1999
bankhumboldt.com,2/12/1999
bankoskaloosa.com,2/12/1999
bankofshorewood.com,2/16/1999
1stpeoplesbank.com,2/17/1999
countrywidebank.com,2/17/1999
ebank.com,2/18/1999
hudsonunitedbank.com,2/18/1999
firstarkansas.com,2/20/1999
fsbtc.com,2/22/1999
commercenationalbank.com,2/23/1999
greenriverbank.com,2/23/1999
virginiaheartlandbank.com,2/24/1999
commercialbankfl.com,2/25/1999
jenningsbank.com,2/25/1999
uncb.com,2/25/1999
hamptonsbank.com,2/26/1999
madisonbank.com,3/3/1999
bankofes.com,3/4/1999
ucbank.net,3/4/1999
gbsb.com,3/5/1999
greatriverbank.com,3/5/1999
pbck.com,3/5/1999
bonh.com,3/6/1999
allstatebank.com,3/7/1999
virtualbank.com,3/8/1999
manateeriverbank.com,3/15/1999
bankoncitizens.com,3/16/1999
hometownebank.com,3/16/1999
powellbank.com,3/17/1999
bristolbank.com,3/19/1999
heritagebk.com,3/19/1999
tncommercebank.com,3/19/1999
eshorelinebank.com,3/21/1999
elibertybank.com,3/22/1999
rnb-texas.com,3/22/1999
talstatebank.com,3/23/1999
asbnj.com,3/24/1999
frnb.com,3/24/1999
premier-bk.com,3/24/1999
upfc.com,3/24/1999
pekinsavings.com,3/25/1999
bankwithheartland.com,3/26/1999
bathnational.com,3/26/1999
newfrontierbank.com,3/26/1999
keybankusa.com,3/28/1999
chestateestatebank.com,3/29/1999
nexitybank.com,3/31/1999
auburncommunity.com,4/1/1999
libertybanktexas.com,4/1/1999
scnbank.com,4/2/1999
communitybk.net,4/6/1999
ncwbank.com,4/6/1999
nstarbank.com,4/6/1999
prospectbank.com,4/6/1999
ffbonline.com,4/7/1999
parkstate.com,4/7/1999
citizensstatebankcsb.com,4/8/1999
firstamericanbankfab.com,4/8/1999
firststatebankfsb.com,4/8/1999
bankofthecommonwealth.com,4/12/1999
unitedamericasbank.com,4/12/1999
heritagebanc.com,4/13/1999
nbcbham.com,4/13/1999
firstgulfbank.com,4/14/1999
fnbsoutheast.com,4/15/1999
sunstatebank.com,4/15/1999
fidelityfederal.com,4/16/1999
pemibank.com,4/16/1999
businessfirst.com,4/20/1999
fnbjacksboro.com,4/22/1999
andersonbank.com,4/23/1999
csbmoney.com,4/28/1999
mycentralbank.com,4/29/1999
brightoncommerce.com,5/3/1999
detroitcommerce.com,5/3/1999
kentcommerce.com,5/3/1999
macombcommunity.com,5/3/1999
muskegoncommerce.com,5/3/1999
portagecommerce.com,5/3/1999
sterlingmontgomery.com,5/3/1999
grandhavenbank.com,5/4/1999
oaklandcommerce.com,5/4/1999
nnb-krny.com,5/5/1999
norcrownbanknj.com,5/5/1999
golfsavingsbank.com,5/10/1999
lincolntrust.com,5/10/1999
frionastatebank.com,5/11/1999
mostatebank.com,5/12/1999
ravenswoodbank.com,5/12/1999
gbtcalhoun.com,5/13/1999
stedmondsfsb.com,5/13/1999
trustbankcorp.com,5/13/1999
eastvalleybank.com,5/14/1999
fremontbank.net,5/14/1999
mesabankers.com,5/14/1999
boardwalkbank.com,5/20/1999
dallasnationalbank.com,5/20/1999
allegbank.com,5/21/1999
1stcommercialbank.com,5/25/1999
beachbank.com,5/25/1999
thescottishbank.com,5/25/1999
chinookmontana.com,5/26/1999
firstfloridabank.com,5/27/1999
signaturebkfl.com,6/1/1999
valleybankjordan.com,6/1/1999
banknorthgeorgia.com,6/2/1999
bankofnaples.com,6/2/1999
indymacbank.com,6/3/1999
provbank.com,6/4/1999
okemahnational.com,6/7/1999
westernsecuritybank.com,6/7/1999
flagshipnationalbank.com,6/8/1999
centerbankjax.com,6/9/1999
elginstatebank.com,6/9/1999
integrabank.com,6/9/1999
baynational.com,6/10/1999
legacybanks.com,6/10/1999
mbtx.com,6/14/1999
signaturebankdallas.com,6/14/1999
1800fremont.com,6/15/1999
cumberlandbank.com,6/16/1999
swbnevada.com,6/16/1999
resourcebankonline.com,6/18/1999
gothambankny.com,6/21/1999
redrockcommunity.com,6/22/1999
elkhartbank.com,6/23/1999
placersierrabank.com,6/23/1999
lonestartexas.com,6/25/1999
unionok.com,6/25/1999
centurynationalonline.com,6/29/1999
cnbteague.net,6/29/1999
unitedbankna.com,6/30/1999
fallsbank.com,7/2/1999
equitablebankfla.com,7/7/1999
capitalcrossing.com,7/8/1999
rockriverbank.com,7/8/1999
fnb-palm.com,7/9/1999
catawbavalleybank.com,7/12/1999
advantabankcorp.com,7/13/1999
fmbankokc.com,7/13/1999
commerce1st.com,7/15/1999
allenbank.com,7/16/1999
firstga.com,7/16/1999
poconocommunitybank.com,7/18/1999
wvsb.com,7/19/1999
bbtcorp.com,7/20/1999
bnkusa.com,7/20/1999
esunbank.com,7/23/1999
thecountrybank.com,7/23/1999
community-bnk.com,7/27/1999
legacybancorp.com,7/27/1999
christianabank.com,7/28/1999
kbc123.com,7/29/1999
peoplesbankofelkton.com,7/29/1999
bankcaroline.com,7/30/1999
carolinafederal.com,7/30/1999
firstlibertynational.com,8/2/1999
fnbwellington.com,8/2/1999
bank-of-dadeville.com,8/4/1999
centralcaliforniabank.com,8/4/1999
firstindependentnv.com,8/4/1999
kytrustbank.com,8/5/1999
bankofwalnutcreek.com,8/9/1999
johnwarnerbank.com,8/11/1999
solanobank.com,8/11/1999
bankcitizens.com,8/12/1999
coastbankflorida.com,8/16/1999
mainstreettrust.com,8/16/1999
partnersbank.com,8/16/1999
cypress-bank.com,8/18/1999
firstfederaliowa.com,8/19/1999
jamestownsavingsbank.com,8/19/1999
blueridgesavings.com,8/20/1999
morgan1st.com,8/21/1999
buckheadcommunitybank.com,8/24/1999
perkinsstatebank.com,8/24/1999
bankab.com,8/25/1999
bankofastoria.com,8/25/1999
bankonglobal.com,8/26/1999
cbnaples.com,8/30/1999
excelbankmn.com,8/31/1999
plantationfederal.com,8/31/1999
statefinancialbank.com,8/31/1999
fcbusa.com,9/7/1999
issaquah-bank.com,9/9/1999
horizonbank.com,9/10/1999
northgabank.com,9/10/1999
greatbank.com,9/12/1999
fnbblytheville.com,9/13/1999
cornbeltbank.com,9/14/1999
gmacbank.com,9/14/1999
mcintoshbancshares.com,9/14/1999
statebanktx.com,9/15/1999
premierbanker.com,9/16/1999
innovativebank.com,9/20/1999
abt-bank.com,9/29/1999
edmondbank.com,9/30/1999
plantersbank.net,10/4/1999
1stkensington.com,10/5/1999
fsbdent-perham.com,10/5/1999
desertcommunity.com,10/6/1999
landmarkbankfl.com,10/6/1999
sleepyhollowbank.com,10/6/1999
imperialcapitalbank.com,10/7/1999
benchmarkbanks.com,10/12/1999
burtcountybank.com,10/12/1999
flagshipbank.com,10/17/1999
cstonebank.com,10/20/1999
islandscommunitybank.com,10/20/1999
ffbky.com,10/23/1999
unitedkingfield.com,10/23/1999
grahamnb.com,10/25/1999
fsbcelina.com,11/2/1999
fsbfrankston.com,11/2/1999
brooklinecoop.com,11/4/1999
burnettsbank.com,11/4/1999
fnbcanton.com,11/4/1999
fsbia.com,11/4/1999
earthstarbank.com,11/5/1999
tippinsbank.com,11/7/1999
premierwestbank.com,11/8/1999
somersetvalleybank.com,11/8/1999
securitystate-bank.com,11/9/1999
franklinbankmpls.com,11/10/1999
firstcoleman.com,11/11/1999
probizbank.com,11/11/1999
bankhaven.com,11/12/1999
valleybank.net,11/15/1999
atsbnk.com,11/16/1999
bankhorizon.com,11/17/1999
fidelitybank-pa.com,11/24/1999
morganbank.net,11/24/1999
pinedalebank.com,11/24/1999
hebervalleybank.com,11/26/1999
alliancebankna.com,11/29/1999
harbornatbank.com,11/30/1999
worthnb.com,11/30/1999
firststateonline.com,12/2/1999
unionbankmo.com,12/2/1999
1sb.com,12/8/1999
fnb-colorado.com,12/8/1999
deserthillsbank.com,12/9/1999
sdcb.com,12/12/1999
ohioriverbank.com,12/14/1999
sibk.com,12/14/1999
bankhays.com,12/15/1999
1stunitedbnk.com,12/16/1999
quakercitybank.com,12/16/1999
academybank.com,12/17/1999
bankofflorida.com,12/17/1999
nnb1.com,12/17/1999
narabank.com,12/21/1999
sterlingsouth.com,12/21/1999
fm-banks.com,12/23/1999
go2horizon.com,12/23/1999
thebankbrevard.com,12/27/1999
rossvillebank.com,1/5/2000
cnbbreckenridge.com,1/6/2000
sunsecuritybank.com,1/6/2000
bankofwaukegan.com,1/7/2000
cobnks.com,1/7/2000
doralbankny.com,1/7/2000
evergreenbank.com,1/9/2000
tattnallbank.com,1/12/2000
banksandiego.com,1/13/2000
fbwt.com,1/13/2000
pbcbonline.com,1/13/2000
tcfexpress.com,1/13/2000
fnwb.com,1/14/2000
northlandnationalbank.com,1/17/2000
wellsfargofinancialbank.com,1/17/2000
csbil.com,1/19/2000
kbank.net,1/19/2000
eocean.com,1/20/2000
firsteastsidesavings.com,1/20/2000
richlandbank.com,1/21/2000
hedricksavingsbank.com,1/23/2000
arrowheadcommunitybank.com,1/25/2000
csbbonner.com,1/26/2000
kleinet.com,1/26/2000
fairfieldcountysavings.com,1/28/2000
fnbwest.com,1/28/2000
stratabank.com,2/2/2000
deepgreenbank.com,2/3/2000
bankofparagould.com,2/7/2000
cavb.com,2/7/2000
securitystatebanknd.com,2/8/2000
unitynationalbank.com,2/8/2000
franklinbanknj.com,2/9/2000
fsbcan.com,2/10/2000
heritagebankfl.com,2/10/2000
myindependence.com,2/10/2000
villagebank.net,2/10/2000
hectorbank.com,2/14/2000
marinebankfsb.com,2/14/2000
secondfederal.com,2/14/2000
watervillebank.com,2/14/2000
firstarizona.com,2/16/2000
firstdupagebank.com,2/16/2000
nevadafirstbank.com,2/16/2000
aubt.com,2/17/2000
farmersbankseymour.com,2/17/2000
firstnationbank.com,2/17/2000
virginiasavingsbank.com,2/17/2000
lonsdalebank.com,2/22/2000
securityexchangebank.com,2/22/2000
waccamawbank.com,2/22/2000
firststate-texas.com,2/23/2000
reedsburgbank.com,2/23/2000
fnbnonline.com,2/24/2000
localbankers.com,2/24/2000
peoplesstate.com,2/24/2000
alatrust.com,2/25/2000
cattlemansnationalbank.com,2/28/2000
sunbankonline.com,2/28/2000
bbvapr.com,2/29/2000
southernstatebank.com,3/1/2000
tbotdevine.com,3/1/2000
cpb.com,3/2/2000
farmersdepositbank.com,3/2/2000
halifaxnational.com,3/2/2000
mountainstatesbank.com,3/2/2000
southerncommunitybank.com,3/2/2000
combankinc.com,3/3/2000
dekalbcommunitybank.com,3/6/2000
cosmopolitanbank.com,3/7/2000
firstbankofoakpark.com,3/7/2000
regencysavingsbank.com,3/7/2000
elizabethstatebank.com,3/8/2000
fnbgilman.com,3/8/2000
fsbwin.com,3/8/2000
emmetcountystatebank.com,3/9/2000
bankluck.com,3/10/2000
cherryvillefederal.com,3/14/2000
peotonebank.com,3/15/2000
thepeachtreebank.com,3/15/2000
citizensbankok.com,3/17/2000
communitybankmissoula.com,3/21/2000
communitybankofsmithcounty.com,3/21/2000
unionfed.com,3/21/2000
bankofpowhatan.com,3/22/2000
valricostate.com,3/22/2000
wyomingbnk.com,3/23/2000
banktulsa.com,3/27/2000
bbnv.com,3/27/2000
sunfirstbank.com,3/27/2000
tradersbanking.com,3/27/2000
fsbastoria.com,3/29/2000
abtexasna.com,3/30/2000
ainsworth-fnb.com,3/30/2000
rvfbank.com,3/30/2000
1stpacbank.com,3/31/2000
vikingstatebank.com,3/31/2000
calnationalbank.com,4/3/2000
pdrbank.com,4/3/2000
citizenstrustcompany.com,4/6/2000
csboak.com,4/7/2000
rosemountbank.com,4/10/2000
sanluistrustbank.com,4/11/2000
twincitybank.net,4/14/2000
fnbwy.com,4/17/2000
firstbankingcenter.com,4/18/2000
fnbdanville.com,4/18/2000
adamscooperative.com,4/20/2000
fnfg.com,4/20/2000
wcnbquitman.com,4/23/2000
maldenbank.com,4/25/2000
centrabank.com,4/26/2000
fnbakron.com,4/26/2000
georgianbank.com,4/26/2000
newlibertybank.com,4/26/2000
bankoforangecounty.com,4/27/2000
coloradomountainbank.com,4/27/2000
firststateatwood.com,4/28/2000
communitybanknh.com,5/1/2000
pioneerbankstl.com,5/2/2000
fsbcanisteo.com,5/3/2000
mercantileboston.com,5/4/2000
sunshinestatebank.com,5/5/2000
daltonwhitfieldbank.com,5/8/2000
blainestatebank.com,5/12/2000
smallenoughtocare.com,5/15/2000
emarinebank.com,5/16/2000
statebankofrogers.com,5/17/2000
thebankoftexas.com,5/18/2000
heritagebanknfl.com,5/19/2000
lnbnationalbank.com,5/19/2000
natlbankofcommerce.com,5/22/2000
bankannapolis.com,5/31/2000
newmilbank.com,5/31/2000
iowabank.net,6/1/2000
fnbdavis.com,6/2/2000
madisonvillestatebank.com,6/5/2000
fnbolneytx.com,6/6/2000
greenvillecommunitybank.com,6/6/2000
sunrisebanksandiego.com,6/6/2000
yumabank.com,6/6/2000
apab.com,6/7/2000
suttonstatebank.com,6/7/2000
communitybancgroup.com,6/13/2000
bankofnv.com,6/14/2000
midcitybank.com,6/16/2000
mysouthwestbank.com,6/16/2000
blackmountaincommunitybank.com,6/21/2000
valleybankhelena.com,6/21/2000
hcb-in.com,6/26/2000
kitcarsonstatebank.com,6/26/2000
fnbborger.com,6/27/2000
commonwealthworcester.com,6/28/2000
fcb1.com,6/28/2000
1ststatebanknc.com,6/29/2000
firstabilene.com,6/29/2000
westernbankgallup.com,6/29/2000
first-citizens-bank.com,7/5/2000
fsbvan.com,7/5/2000
securitysb.com,7/7/2000
shorebankcleveland.com,7/7/2000
ivcbank.com,7/11/2000
illinoisstatebank.com,7/13/2000
romesavings.com,7/17/2000
wemplestatebank.com,7/19/2000
citizensnationalbank.com,7/20/2000
waypointbank.com,7/21/2000
bankofwashtenaw.com,7/27/2000
fnbcenterville.com,7/27/2000
orangecommunitybank.net,8/1/2000
thestatebankonline.com,8/1/2000
cottagesavingsbank.com,8/2/2000
floridasavingsbank.com,8/3/2000
citizensnational.net,8/4/2000
fbebank.com,8/4/2000
firstfedca.com,8/7/2000
bridgewatercoop.com,8/10/2000
bankofdwight.com,8/15/2000
greatbankna.com,8/15/2000
bankevansville.com,8/16/2000
nesqsavingsbank.com,8/16/2000
firstclermont.com,8/17/2000
statebankofaurora.com,8/21/2000
westbankonline.com,8/22/2000
dakotaheritage.com,8/23/2000
ibankunited.com,8/23/2000
coastalbankofga.com,8/24/2000
goldenstatebk.com,8/29/2000
efsbank.com,8/31/2000
bankofwestminster.com,9/5/2000
e-fmbank.com,9/5/2000
capitalbanksc.com,9/8/2000
floridagulfbank.com,9/8/2000
ftbbelton.com,9/11/2000
texstarbank.com,9/11/2000
royaloaksbank.com,9/14/2000
trust1bank.com,9/15/2000
fnbanthony.com,9/18/2000
jacksonfederal.com,9/18/2000
metrobankonline.com,9/20/2000
uhb-fl.com,9/20/2000
firstnational-online.com,9/21/2000
firstpiedmontbank.com,9/21/2000
royalpalmbank.com,9/21/2000
whiteoakstatebank.com,9/25/2000
sequoianationalbank.com,9/27/2000
atlanticlibertysavings.com,9/28/2000
cnbnetbank.com,9/29/2000
symphonybank.com,9/29/2000
fortleebank.com,10/5/2000
cardinalstatebank.com,10/11/2000
communitybankplymouth.com,10/12/2000
fgbjax.com,10/12/2000
thebankoftallahassee.com,10/12/2000
fsbflandreau.com,10/16/2000
hopedalebank.com,10/16/2000
fmsbwayne.com,10/19/2000
communitybankotc.com,10/24/2000
nwbb.com,10/24/2000
commonwealth-coop.com,10/26/2000
wnbank.com,10/29/2000
tomorrowsbanktoday.com,10/30/2000
bankeast.com,11/1/2000
cnbweb.com,11/2/2000
jasperbanking.com,11/2/2000
acuitybank.com,11/10/2000
williamsburgfnb.com,11/21/2000
guarantygroup.com,11/27/2000
communitybankoffice.com,11/29/2000
communitybanknp.com,12/4/2000
commfirstbank.com,12/7/2000
fnbconline.com,12/8/2000
ffbnf.com,12/13/2000
enfieldfederal.com,12/15/2000
walfordbank.com,1/2/2001
fcbankonline.com,1/5/2001
firstpresidio.com,1/10/2001
fnbmidcities.com,1/12/2001
advantagebanknj.com,1/17/2001
bankatgrange.com,1/18/2001
ellisstatebank.com,1/18/2001
hemlockbank.com,1/19/2001
rbccentura.com,1/26/2001
anbfinancial.com,2/1/2001
firstcommunityindiana.com,2/1/2001
ascenciabank.com,2/2/2001
fnbmunday.com,2/2/2001
napacommunitybank.com,2/2/2001
bartowcountybank.com,2/5/2001
fnbaonline.com,2/6/2001
mtnwb.com,2/6/2001
the-exchange-bank.com,2/13/2001
arkansasdiamondbank.com,2/15/2001
nevadasecuritybank.com,2/23/2001
farmersnatl.com,2/26/2001
ranchersbanks.com,2/26/2001
horizonbankfl.com,2/28/2001
efirstcommbank.com,3/8/2001
sheltonbank.com,3/8/2001
unitedbankks.com,3/9/2001
synergyonthenet.com,3/16/2001
ourmarinebank.com,3/19/2001
bankofmtnview.com,3/20/2001
fbdel.com,3/21/2001
northwoodsstatebank.com,3/21/2001
mojavedesertbank.com,3/23/2001
sterlingbankfl.com,3/27/2001
myintegritybank.com,3/28/2001
bankofmonticellowi.com,3/29/2001
primetrustbank.com,4/6/2001
bankahb.com,4/11/2001
sterlingnj.com,4/16/2001
stockmansbank.com,4/17/2001
nebraskabankersbank.com,4/19/2001
premieramericanbank.com,4/23/2001
firstchoicebanks.com,4/25/2001
harvardstatebank.com,4/25/2001
cnbkansas.com,4/26/2001
communitybankofcentralwisconsin.com,4/30/2001
providentbank.com,5/6/2001
c-f-b.com,5/9/2001
capitalbankal.com,5/10/2001
scnbanks.com,5/10/2001
clearcreeknationalbank.com,5/11/2001
gatewaybankandtrust.com,5/14/2001
scbandt.com,5/14/2001
blackearthsb.com,5/16/2001
communitybanksuperior.com,5/16/2001
bankoflincolnwood.com,5/18/2001
firsttrustnc.com,5/29/2001
annapolisbankandtrust.com,6/11/2001
citizensnatbank.com,6/11/2001
fidelitybankmd.com,6/11/2001
foresthillbank.com,6/11/2001
mercantilebankandtrust.com,6/11/2001
nationalbankfredericksburg.com,6/11/2001
peninsulabankmd.com,6/11/2001
pioneerbankonline.com,6/11/2001
westminsterunionbank.com,6/11/2001
grovetonbank.com,6/18/2001
cfbwv.com,6/27/2001
fnbschuyler.com,6/27/2001
cnbanytime.com,6/28/2001
summitcommunitybank.com,7/2/2001
northwestbanktexas.com,7/6/2001
fmbimperial.com,7/10/2001
fnbmuskogee.com,7/11/2001
encorebank.com,7/19/2001
1stbankok.com,7/20/2001
1stsavingsbank.com,7/20/2001
fidbank.com,7/20/2001
timberlandbank.net,7/25/2001
communitybankoc.com,7/26/2001
bankofamador.com,7/27/2001
piedmontbankga.com,7/27/2001
securitystatebank-guttenberg.com,7/27/2001
pcboc.com,8/3/2001
choicebankaz.com,8/9/2001
gofnb.com,8/13/2001
mychartbank.com,8/15/2001
securitypacificbank.com,8/20/2001
fnbmillstadt.com,8/21/2001
securitybusinessbank.com,8/21/2001
arlingtonnationalbank.com,8/22/2001
peoplesbankga.net,8/23/2001
sbtco.com,8/27/2001
firstcityonline.com,8/30/2001
fnbsk.com,9/5/2001
onlinewsb.com,9/5/2001
osagefed.com,9/6/2001
tieronebank.com,9/7/2001
1stsavings.net,9/17/2001
granitecb.com,9/20/2001
baynetcommunitybank.com,9/26/2001
exchangebanksc.com,9/27/2001
1stbankonline.com,10/4/2001
piedmontcommunitybank.com,10/5/2001
ranchobank.com,10/9/2001
libertywebbank.com,10/11/2001
ubtbank.com,10/17/2001
theclevelandbank.com,10/26/2001
fcbvt.com,11/1/2001
first-southern.com,11/2/2001
unizanbank.com,11/2/2001
orionbank.com,11/6/2001
fmbcartercounty.com,11/19/2001
thebankofbonifay.com,11/30/2001
peoplesbankpb.com,12/4/2001
southwesternbank.com,12/5/2001
bankpbb.com,12/12/2001
fnbmena.com,12/13/2001
banktrustbrewton.com,12/14/2001
mycommunityplus.net,12/14/2001
rappahannockbank.com,12/14/2001
enbkansas.com,12/18/2001
legacybankna.com,1/2/2002
bankrogers.com,1/4/2002
bradfordbank.net,1/11/2002
akfirstbank.com,1/16/2002
citizenssouth.com,1/16/2002
firstbankamericano.com,1/17/2002
alamancebank.com,1/18/2002
pbva.com,1/20/2002
gbbanker.com,1/28/2002
commnatlbank.com,1/31/2002
bankofgreensburg.com,2/7/2002
pinnaclebankoregon.com,2/8/2002
mutualbanking.com,2/15/2002
bankofvenice.com,2/21/2002
homebankoftn.com,2/22/2002
thefirstcommercialbank.com,2/26/2002
osagevalleybank.com,3/4/2002
firststatefl.com,3/8/2002
affinitybankpa.com,3/29/2002
crosbybank.com,3/29/2002
fnbhawley.com,4/5/2002
firstplacebank.net,4/7/2002
fnbhotsprings.com,4/9/2002
fnbmtida.com,4/9/2002
peninsulabank.com,4/11/2002
banktrustonline.com,4/15/2002
satillacommunitybank.com,4/19/2002
bocc.com,4/21/2002
ssbhl.com,4/22/2002
northhoustonbank.com,4/23/2002
bankofleigh.com,4/24/2002
fnbns.com,4/26/2002
firstfinbank.com,4/29/2002
berkshirebnk.com,4/30/2002
coastalcommunitybank.com,4/30/2002
psbjeffersonville.com,5/2/2002
pacificnational.com,5/14/2002
wellsvillebank.com,5/22/2002
corebanking.net,5/31/2002
ironstonebank.com,6/7/2002
cflsb.com,6/11/2002
citicorptrustbank.com,6/12/2002
farmersmo.com,6/12/2002
nwcommbank.com,6/12/2002
mlbk.com,6/18/2002
americantrustbank.com,6/25/2002
yourbankaccount.com,6/27/2002
fsbmapleton.com,7/8/2002
fsbgranger.com,7/11/2002
fn-bank.net,7/23/2002
inbank.com,7/23/2002
jacksonbankandtrust.com,7/26/2002
enbonline.com,7/27/2002
statewidebank.com,8/2/2002
statebankmn.com,8/7/2002
pacificunionbank.com,8/8/2002
novasavingsbank.com,8/16/2002
knbt.com,8/17/2002
partnerstrust.com,8/19/2002
firstmainstreet.com,8/26/2002
ctriverbank.com,8/30/2002
newhorizonsbank.com,9/3/2002
pinehurstbank.com,9/30/2002
firstccbank.com,10/8/2002
midwestonebank.com,10/20/2002
bankmalden.com,10/28/2002
aabnk.com,11/2/2002
fnbstmarys.com,11/12/2002
fcbanks.com,11/13/2002
freedombankga.com,11/14/2002
pamrapo.com,11/22/2002
oldharborbank.com,11/27/2002
riverviewcommunitybank.com,12/3/2002
marshallnationalbank.com,12/10/2002
myhtb.com,12/16/2002
fibtx.com,12/19/2002
newcitybankchicago.com,1/2/2003
southwestusabank.com,1/10/2003
baysidesavingsbank.com,1/15/2003
cortezcommunitybank.com,1/16/2003
diablovalleybank.com,1/23/2003
glasgowsavingsbank.com,1/27/2003
fsbindiana.com,1/29/2003
sentrybankandtrust.com,1/31/2003
flatbushfed.com,2/1/2003
fnbanks.com,2/3/2003
longleafbank.com,2/3/2003
farleystatebank.com,2/5/2003
gatewaybankpa.com,2/5/2003
fortknoxnationalbank.com,2/10/2003
acbanks.net,2/12/2003
montgomerybt.com,2/12/2003
venture-bank.com,3/4/2003
fnbfriend.com,3/6/2003
firstforareason.com,3/13/2003
union-bank.net,3/14/2003
anbia.com,3/17/2003
frontierbank.net,3/20/2003
sunrisebankofatlanta.com,3/25/2003
marcocommunitybank.com,4/7/2003
bankescondido.com,4/8/2003
cygnetprivatebank.com,4/10/2003
northpennbank.com,4/11/2003
fsbtabor.com,4/14/2003
citizensstatebank.net,4/17/2003
statebankcokato.com,4/17/2003
fsbredbud.com,4/21/2003
ibankfnb.com,4/21/2003
vcbbank.com,4/24/2003
fvab.com,4/30/2003
delsterlingbank.com,5/2/2003
brickwellbank.com,5/5/2003
fnbnelsonville.com,5/5/2003
mountainheritagebank.com,5/12/2003
fnbforsyth.com,5/15/2003
alabamaexchangebank.com,5/27/2003
circlebank.com,6/3/2003
partnersbankoftexas.com,6/3/2003
copperstarbank.com,6/5/2003
fnbglenrose.com,6/5/2003
hastingsstatebank.com,6/18/2003
cbrrv.com,6/19/2003
fortressbankcresco.com,6/19/2003
fortressbankwestby.com,6/19/2003
centralbankga.com,6/24/2003
deposit-bank.com,6/26/2003
rgcrownbank.com,7/2/2003
calcommunitybank.com,7/3/2003
fidelityandtrust.com,7/3/2003
statebankoflucan.com,7/8/2003
jeffersonbanktexas.com,7/10/2003
firstcowetabank.com,7/16/2003
northwestbank.net,7/17/2003
oglethorpebank.net,7/28/2003
pibank.com,7/30/2003
chevrontexacocards.com,8/1/2003
signaturebanks.com,8/12/2003
thunderbank.com,8/18/2003
southvalleybank.com,8/22/2003
firstgabnk.com,8/26/2003
witheebank.com,8/26/2003
fnbflorida.com,8/28/2003
bvbank.com,9/4/2003
statebankofslater.com,9/10/2003
firstcherokeestate.com,9/11/2003
newalliancebank.com,9/15/2003
troystatebank.com,9/18/2003
harboursidebank.com,9/23/2003
banktrustal.net,10/3/2003
banktrustfl.net,10/3/2003
centerstatemidfl.com,10/10/2003
fnbmontgomery.com,10/17/2003
fcbankgroup.com,10/22/2003
farmersnatbank.com,10/23/2003
thecbt.com,10/24/2003
fiserviss.com,11/11/2003
saltlickdepositbank.com,11/11/2003
lonesummit.com,11/13/2003
bankcapecoral.com,11/14/2003
carolinacommercebank.com,11/14/2003
southshorecommunitybank.com,11/14/2003
sonoranbank.com,11/16/2003
ffbtx.com,11/17/2003
townebankaz.com,11/21/2003
deltasouthernbank.com,12/1/2003
fsbdix.com,12/10/2003
fpbank.com,12/26/2003
firesidebank.com,1/2/2004
selectbanknj.com,1/2/2004
synovusbankjax.com,1/9/2004
harvestbankmd.com,1/15/2004
heartlandcb.com,1/19/2004
montrosestatebank.com,1/19/2004
1stindependence.com,1/20/2004
1stcommbk.com,2/4/2004
pointlomabank.com,2/5/2004
bankofminto.com,2/9/2004
solutionsbank.com,2/9/2004
westsidecommunitybank.com,2/10/2004
fnbsanto.com,2/12/2004
americansecuritybank.com,2/16/2004
tfnbashdown.com,2/23/2004
yourbankonline.com,2/23/2004
primebankfl.com,2/24/2004
americanfirstbank-florida.com,2/25/2004
foundersbank.com,2/25/2004
southwestcommunitybank.net,2/25/2004
bramblesavings.com,3/9/2004
marathonstatebank.com,3/10/2004
publicsavings.com,3/10/2004
homebuildingsavingsbank.com,3/19/2004
pcnbonline.com,3/23/2004
securedtrust.com,3/29/2004
visionbankfl.net,4/1/2004
georgiatrustbank.com,4/2/2004
mercantilepotomacbank.com,4/9/2004
tcbtexas.com,4/12/2004
tristonebank.com,4/14/2004
bankwithcnb.com,4/21/2004
mercantilecountybank.com,4/28/2004
mercantileeasternshorebank.com,4/28/2004
mercantilepeninsulabank.com,4/28/2004
mercantilesouthernmarylandbank.com,4/28/2004
cjbna.com,4/29/2004
countrysidebank.net,4/30/2004
lincbank.com,5/2/2004
oldecypressbank.com,5/12/2004
hometowncb.com,5/17/2004
centennialbank.net,5/21/2004
brbank.com,5/27/2004
homesavingsofamerica.com,6/10/2004
sequoiabank.com,6/11/2004
ahbank.com,6/15/2004
tiftonbankingcompany.com,6/15/2004
1nbank.com,6/17/2004
summitfsb.com,6/17/2004
firstfedpekin.com,6/29/2004
summitbankaz.com,7/1/2004
cnbgf.com,7/10/2004
libertybankfl.com,7/15/2004
coloradocapitalbank.com,7/16/2004
fcbanker.com,7/16/2004
c1bank.com,7/19/2004
freedombankfl.net,7/20/2004
libertybankflorida.com,7/20/2004
communitybanksk.com,7/21/2004
firstcitzbank.com,7/26/2004
fboj.net,7/27/2004
allegiancecommunitybank.com,7/28/2004
rmbgo.com,8/1/2004
nationpoint.com,8/2/2004
suncoastbank.com,8/2/2004
oldsouthernbank.com,8/3/2004
chambersbnk.com,8/9/2004
fabank.com,8/12/2004
fortressbankmn.com,8/16/2004
metropacificbank.com,8/23/2004
bankofbirchtree.com,8/24/2004
parkwaybankarizona.com,8/24/2004
bankoakland.com,8/25/2004
communitysouthbankandtrust.com,8/25/2004
fidelitybankbr.com,8/30/2004
thepalmbank.com,8/30/2004
metabankonline.com,9/2/2004
cbc-tn.com,9/3/2004
parkmidwaybank.com,9/9/2004
evergreenstatebank.com,9/10/2004
mainsourcebankil.com,9/10/2004
coloradovalleybank.com,9/13/2004
merchantsandfarmersbank.net,9/13/2004
ibankaustin.com,9/15/2004
heritagebankinggroup.com,9/17/2004
citizensbankofeffingham.com,9/24/2004
ffinbank.com,9/24/2004
bankofkansascity.com,9/27/2004
tcbgeneva.com,10/1/2004
communitybankofrockmart.com,10/8/2004
partnersbank.net,10/11/2004
1stregentsbank.com,10/19/2004
fhbankna.com,10/19/2004
abandtnationalbank.com,10/20/2004
stellarbusinessbank.com,10/23/2004
coppermarkbank.com,10/27/2004
summitbank-wa.com,11/1/2004
synovusbankfl.com,11/4/2004
bankofgower.com,11/16/2004
bankofauburnhills.com,11/17/2004
putnamstatebank.com,11/18/2004
cbswf.com,11/24/2004
signaturebankkc.com,11/26/2004
bankatbyron.com,12/2/2004
firststatebankia.com,12/9/2004
firstsouthernbk.com,12/14/2004
ibcentx.com,12/14/2004
csbmt.com,12/16/2004
fsbnj.com,12/21/2004
lonestarstatebank.com,12/22/2004
marshallbankfirst.com,12/30/2004
atwaterstatebank.com,1/10/2005
vantagesouth.com,1/11/2005
westbridgebank.com,1/11/2005
bankofbellevue.com,1/12/2005
fwsavings.com,1/13/2005
dedhambank.com,1/18/2005
ffb-eastland.com,1/26/2005
goldcanyonbank.com,1/27/2005
mycrbank.com,2/1/2005
roserockbank.com,2/1/2005
logancountybank.com,2/3/2005
ncbnv.com,2/4/2005
firstbankidaho.com,2/7/2005
equinoxbank.com,2/10/2005
greystonebank.com,2/11/2005
centurybankohio.com,2/22/2005
fnbwaldron.com,2/22/2005
securitybankonline.com,2/23/2005
uwbank.com,3/1/2005
lasallebankmidwest.com,3/3/2005
fsbfc.com,3/7/2005
northwest-bank.com,3/8/2005
cbofl.net,3/9/2005
firstbankdelta.com,3/14/2005
1stprivate.com,3/16/2005
westerncommercialbank.com,3/18/2005
csbwestfl.com,3/22/2005
gulfsouthprivatebank.com,3/28/2005
plazabank.com,3/30/2005
excelbankmo.com,4/12/2005
vabusinessbank.com,4/18/2005
psbbanking.com,4/19/2005
bankofariz.com,4/21/2005
bankofbertrand.com,4/22/2005
ncbbanking.com,5/5/2005
centennialbankonline.com,5/7/2005
fnbgaylord.com,5/7/2005
miltonsavingsbank.net,5/9/2005
onegeorgiabank.com,5/9/2005
firstlnb.com,5/13/2005
psbsd.com,5/17/2005
fbtmonline.com,5/18/2005
statebankoflebo.com,5/23/2005
capefearbank.com,5/25/2005
cbtbankea.com,5/31/2005
northsidestatebank.com,6/7/2005
thebankarlington.com,6/20/2005
bank-meridian.com,6/28/2005
myawb.com,6/30/2005
citizensfinancialbank.com,7/7/2005
desertbanking.com,7/7/2005
graystonebank.com,7/8/2005
pbminn.com,7/11/2005
capitalsouthbank.com,7/13/2005
bop-ks.com,7/14/2005
wtdirect.com,7/15/2005
asianbankaz.com,7/18/2005
eastcoastcommunitybank.com,7/20/2005
firstamericanbankfl.com,7/22/2005
libertypointebank.com,7/26/2005
southernbandt.com,7/27/2005
reliancebankfsb.com,7/28/2005
csbshakopee.com,8/3/2005
patriotbankga.com,8/5/2005
sunamericanbank.com,8/12/2005
swcapitalbank.com,8/18/2005
guarantysb.com,8/23/2005
omnibankbr.com,8/26/2005
patriotstatebank.com,8/27/2005
atlanticsouthernbank.com,9/1/2005
bankofeverett.com,9/6/2005
bluehealthcarebank.com,9/14/2005
fcbtifton.com,9/15/2005
communitybankofrowan.com,9/16/2005
corridorstatebank.com,9/22/2005
bankofchoiceonline.com,9/28/2005
firstbankfla.com,10/7/2005
mycommunityfirst.com,10/11/2005
wilsonstatebank.com,10/25/2005
ffbtwinvalley.com,11/4/2005
hoisingtonnb.com,11/10/2005
fcbnm.com,11/17/2005
morebankusa.com,11/22/2005
statefederal.com,11/24/2005
winlocbank.com,11/25/2005
fsbankmn.com,12/2/2005
creeksidebank.com,12/16/2005
commercebankwyoming.com,12/27/2005
premier-bank.com,12/31/2005
horizonbankmn.com,1/11/2006
jsbofga.com,1/18/2006
fsevansville.com,1/19/2006
communitybankofdupage.com,1/24/2006
covenantbankandtrust.com,1/24/2006
fsblakebenton.com,1/24/2006
rowanbank.com,1/25/2006
fnbcan.com,1/26/2006
fnbidabel.com,2/1/2006
mainsourcebankoh.com,2/3/2006
csbmiltonvale.net,2/9/2006
heritagecb.com,2/16/2006
premiercbank.com,2/21/2006
willowfinancialbank.com,3/8/2006
freestarbank.com,3/14/2006
myalphabank.com,3/23/2006
riverbk.com,3/27/2006
hampshirefirst.com,4/5/2006
communityresourcebank.com,4/7/2006
mbcpbank.com,4/10/2006
gardencitystatebank.com,4/11/2006
sbtcompany.com,4/13/2006
valleystbk.com,4/13/2006
fnbnewport.com,4/14/2006
visionbankiowa.com,4/17/2006
service1stnevada.com,5/18/2006
fidelitybankdfw.com,6/3/2006
haventrustbankfl.com,6/9/2006
firstchicagobt.com,6/15/2006
myatlanticbank.com,6/19/2006
bayfirstbank.net,6/21/2006
csbcentralfl.com,6/28/2006
altaalliancebank.com,6/30/2006
lnbky.com,6/30/2006
firstasianbank.net,7/2/2006
cantonstate.com,7/7/2006
valleybankcherokee.com,7/10/2006
unitedbankofidaho.com,7/21/2006
banktcb.com,7/24/2006
wheatlandbankil.com,7/25/2006
mymillenniumbank.com,8/2/2006
citybankwa.com,8/18/2006
thenashuabank.com,9/19/2006
firstchoicecommunitybank.com,9/28/2006
texasvbank.com,10/6/2006
maximbank.com,10/18/2006
larimerbank.com,10/19/2006
republicfederal.com,10/20/2006
firstbankfinancialservices.com,11/3/2006
firstamerbank.com,11/4/2006
pacificliberty.com,11/4/2006
sunrisecommunitybank.com,11/10/2006
keysourcebank.com,11/14/2006
fnbbarnesville.com,11/28/2006
greenbankusa.com,12/1/2006
ffbankky.com,12/5/2006
fsbarizona.com,12/5/2006
oppbank.com,12/6/2006
fcbhl.com,12/19/2006
bankoasis.com,12/26/2006
ffbmw.com,1/2/2007
ffbsweetwater.com,1/2/2007
sbwi.net,1/3/2007
1stbmt.com,1/8/2007
communitybankaz.com,1/8/2007
arbucklebank.net,1/10/2007
foothillbank.com,1/12/2007
baysidebank.com,1/24/2007
smithcountystatebank.com,2/26/2007
rbcommbank.com,3/25/2007
fsbavinger.com,4/27/2007
citizensbankofblythedale.com,5/11/2007
communitybankdestin.com,5/25/2007
glbonline.com,6/10/2007
gotoguaranty.com,6/25/2007
patriotsbankmo.com,7/19/2007
centurybankoregon.com,7/26/2007
whitehallbank.net,8/16/2007
ibankwaukegan.com,8/22/2007
myindianabank.com,11/2/2007
pcbonline.net,11/9/2007
firstcommbank.com,11/16/2007
bankoffriendship.com,11/27/2007
siwooganock.com,12/12/2007
marinerbank.com,12/27/2007
myecb.com,12/30/2007
wintonsavings.com,2/18/2008
ffbsanangelo.com,3/12/2008
houstonbusinessbank.com,4/7/2008
securitybankna.com,4/26/2008
covenant-bank.com,5/5/2008
1stdecatur.com,5/11/2008
bank360online.com,6/11/2008
townecenterbank.com,8/4/2008
emprise-hays.com,8/20/2008
securitystatebank.net,8/23/2008
1cbv.com,9/11/2008
granitestatebank.com,10/16/2008
cbnj.com,11/18/2008
pellabank.com,11/19/2008
bogj.com,12/6/2008
nebankct.com,12/18/2008
heraldnb.com,12/23/2008
myfsb.net,1/29/2009
bankofjp.com,2/8/2009
msbbank.com,2/10/2009
americanperspectivebank.com,3/18/2009
firstfedwv.com,4/6/2009
fstunitedbank.com,4/10/2009
cfbonline.com,4/14/2009
ffinb.com,4/30/2009
firstcapitalonline.com,5/6/2009
enterprisenational.com,5/10/2009
fsbfaith.com,7/15/2009
rivergreenbank.com,7/21/2009
marshallsavings.com,8/16/2009
oaklandstatebank.com,8/25/2009
kfs-bank.com,10/1/2009
midvalleybank.com,10/3/2009
ocnb.com,10/5/2009
securityfederalsavings.com,10/22/2009
freedomaccess.com,11/3/2009
lancasternationalbank.com,11/11/2009
premierbankwv.com,11/13/2009
progressivestatebank.com,11/28/2009
redmondbank.com,11/30/2009
firsteconnect.com,12/3/2009
northstarbankna.com,3/2/2010
firstcommercebank.com,4/5/2010
bellfederalsavings.com,4/16/2010
fnbstratton.com,4/22/2010
csb-bank.com,4/27/2010
summit-bank.com,5/9/2010
peoplesfederalsavings.com,5/18/2010
cnbweslaco.com,5/21/2010
fnbathens.com,5/21/2010
katybank.com,6/14/2010
myguarantybank.com,7/8/2010
txcommunity.com,7/12/2010
jacksonvillessb.com,7/25/2010
pioneerbankfsb.com,7/28/2010
ssbnj.com,7/30/2010
covestbanc.com,8/13/2010
fnb-hope.com,8/13/2010
fnbgreatbanc.com,8/21/2010
fcbga.com,8/30/2010
fnbbellaire.com,9/3/2010
ffbhuntsville.com,10/1/2010
fnbsr.com,10/8/2010
olathestatebank.com,10/21/2010
chipolacommunitybank.com,11/2/2010
parkbk.com,11/6/2010
citizensstatebankonline.com,11/26/2010
firstlouisiana.com,12/5/2010
southernbank.net,12/8/2010
abtstexas.com,1/3/2011
allairebank.com,1/6/2011
fnbmtvernon.com,1/11/2011
genoasavings.com,1/12/2011
florencebk.com,1/16/2011
townbank.com,1/16/2011
inthebank.com,2/15/2011
neponsetbank.com,2/17/2011
floridafirstbank.com,2/28/2011
bankcamden.com,4/4/2011
silverfallsbank.com,4/4/2011
ojaibank.com,4/5/2011
indianalawrence.com,4/26/2011
mnbla.com,4/29/2011
fsbnt.com,5/2/2011
csbsinton.com,5/6/2011
evergreeninternationalbank.com,5/10/2011
bsbbonham.com,5/11/2011
alliancebr.com,5/16/2011
rivolibank.com,5/18/2011
ussbia.com,5/20/2011
noblecommunity.com,5/25/2011
localok.com,5/26/2011
csbnet.com,5/29/2011
rvsbank.com,6/4/2011
haciendabank.com,6/6/2011
unionbankandtrust.com,6/12/2011
fnbmcconnells.com,6/22/2011
ironandglassbank.com,7/2/2011
communitynational-bank.com,7/5/2011
marketplacebank.com,7/5/2011
mineolabank.com,7/5/2011
premiercommunitybankswfl.com,7/11/2011
statebat.com,7/12/2011
peoplescb.com,7/17/2011
atlanticsb.com,7/22/2011
pinebank.com,7/22/2011
campbellsvillenb.com,8/2/2011
bankatsba.com,8/10/2011
bankmadera.com,8/10/2011
bankofdurango.com,8/11/2011
horizonfed.com,8/12/2011
balconesbank.com,8/18/2011
warrenbank.net,8/18/2011
firstmorris.com,8/19/2011
sbtfirst.com,8/23/2011
1stsecfed.com,8/31/2011
bankhere.net,9/9/2011
fnbsj.com,9/13/2011
fnichols.com,9/16/2011
interbank-ny.com,9/19/2011
enterprisebankingco.com,9/21/2011
somersetnb.com,9/27/2011
dwellinghouse.com,10/3/2011
fsnbga.com,10/7/2011
1stcommbank.com,10/9/2011
marshall-bank.com,10/11/2011
ptcbank.com,10/14/2011
fnbstuttgart.com,10/20/2011
kniselybank.com,10/24/2011
fairbankstatebank.com,11/1/2011
alliance-bank.com,11/2/2011
bankofthesouth.net,11/3/2011
pcbaz.com,11/6/2011
peoples-state-bank.com,11/7/2011
gallupfed.com,11/10/2011
rockbridgebank.com,11/13/2011
pcbionline.com,11/14/2011
meridianbankusa.com,11/18/2011
prairiebank.com,11/18/2011
centbk.com,11/29/2011
cibbank-indy.com,12/11/2011
wcbank.net,12/12/2011
trustbanc.com,12/21/2011
firstnationaltullahoma.com,12/25/2011
peoplesstatemanito.com,1/2/2012
soundfed.com,1/6/2012
peoplessb.com,1/8/2012
southbaybank.com,1/8/2012
bcnationalbanks.com,1/12/2012
northstarbankwa.com,1/19/2012
cloverleafbank.com,1/22/2012
american-state-bank.com,1/29/2012
fnbeo.com,1/29/2012
rutherfordbank.com,2/5/2012
biglakenationalbank.com,2/17/2012
nnsbva.com,2/19/2012
fnbpinecity.com,2/23/2012
discovery-bank.com,2/27/2012
f1rstbank.com,3/5/2012
asianamericanbank.com,3/8/2012
pmsb.com,3/12/2012
fbwhite.com,3/14/2012
ccbnj.com,3/21/2012
theeastbank.com,3/22/2012
cnbjc.com,3/27/2012
warwicksb.com,3/28/2012
1stcent.com,3/30/2012
westernspringsbank.com,4/3/2012
southpointebank.com,4/4/2012
globehomestead.com,4/10/2012
mcsbk.com,4/11/2012
columbiatrustbank.com,4/15/2012
vbtnh.com,4/17/2012
oldforgebankpa.com,4/20/2012
sandcbank.com,4/20/2012
msboftexas.com,4/24/2012
prpnb.com,4/24/2012
cabbank.com,4/26/2012
pacificabank.com,5/1/2012
foxborobank.com,5/11/2012
madisonthebank.com,5/11/2012
wastatebank.com,5/11/2012
douglassbk.com,5/14/2012
salinestatebank.com,5/14/2012
centralvalleybank.com,5/19/2012
bankofholden.com,5/21/2012
csaving.com,5/24/2012
escrowbankusa.com,5/30/2012
quincystatebank.com,6/8/2012
mainstreetsavingsbank.com,6/12/2012
bankfarmers.com,6/14/2012
oaklawnbank.com,6/16/2012
skibofin.com,6/21/2012
citynatlbank.com,6/26/2012
peoplesbankla.com,6/26/2012
ssbsheldoniowa.com,7/4/2012
bankhale.com,7/10/2012
shorebankpacific.com,7/16/2012
firstheritage.net,7/17/2012
cfbky.com,7/19/2012
farmers-merchantsbank.com,7/19/2012
americansouthernbank.com,7/20/2012
myfriendlybank.com,7/20/2012
grangebank.com,7/24/2012
charteroakbank.com,7/26/2012
cwe-bank.com,7/28/2012
thebankofellijay.com,7/30/2012
unionbk.com,8/1/2012
bankthehooch.com,8/10/2012
legacysandiego.com,8/12/2012
mainstreetbank.net,8/14/2012
sumternational.com,8/19/2012
fcnbtc.com,9/10/2012
mountainstatebank.com,9/10/2012
firstlowndesbank.com,9/11/2012
eaglebankky.com,9/17/2012
bankofjacomo.com,9/18/2012
nbronline.com,9/18/2012
tcfcorp.com,9/21/2012
boonenb.com,9/27/2012
championbankstl.com,9/27/2012
magnetbank.net,9/27/2012
firsttexomabank.com,9/28/2012
nazbank.com,9/28/2012
svgsbank.com,9/29/2012
gsbbank.com,10/2/2012
1sbjc.com,10/4/2012
piercebank.com,10/4/2012
bluebonnetsavings.com,10/5/2012
madison-bank.com,10/9/2012
harborbankva.com,10/13/2012
riversidebank.net,10/17/2012
haventrustbank.com,10/20/2012
bankofcommerce-nevada.com,10/30/2012
fnbbh.com,11/4/2012
rantoulfirst.com,11/5/2012
cardunal.net,11/9/2012
ricevillefsb.com,11/9/2012
enbebank.com,11/10/2012
pointpathbank.com,11/29/2012
1stks.com,12/5/2012
tricountynb.com,12/6/2012
cnblanse.com,12/9/2012
arbankersbank.com,12/11/2012
carolinanationalbank.com,12/12/2012
fnbdirect.com,12/16/2012
fullertonfederal.com,12/16/2012
seasonsbank.com,12/25/2012
fsbalex.com,12/28/2012
hnbtx.com,12/31/2012
apartnersbank.com,1/9/2013
peoplesbankofcoffeecounty.com,1/9/2013
lumpkincountybank.com,1/10/2013
cedarsbank.com,1/17/2013
legacybankaz.com,1/20/2013
fnbvalentine.com,1/23/2013
lakewoodbank.com,1/24/2013
laurelsb.com,1/25/2013
bankoflouisa.com,2/3/2013
gwinnettbanking.com,2/8/2013
shercobank.com,2/11/2013
firstbankbr.com,2/14/2013
firstnbt.com,2/14/2013
fnbccb.com,2/14/2013
heritagemontana.com,2/14/2013
securitybanktusc.com,2/17/2013
bentonbankingcompany.com,2/18/2013
destinbank.com,2/19/2013
integritybankfl.com,2/28/2013
securitynat.com,2/28/2013
gwsbank.com,3/16/2013
nenbank.com,3/19/2013
stissing.com,3/21/2013
gatewaysavingsbank.com,3/25/2013
westernbankofcheyenne.com,3/27/2013
snbwichita.com,3/28/2013
calnetbank.com,4/1/2013
sycamorenationalbank.com,4/1/2013
firstlamesa.com,4/2/2013
fcbnk.com,4/4/2013
albemarlefirstbank.com,4/5/2013
town-countrybank.com,4/5/2013
communitybankal.com,4/6/2013
tlnbank.com,4/6/2013
calaisfederal.com,4/10/2013
newcommercebank.com,4/13/2013
firstchoicecb.com,4/19/2013
progressbankmo.com,4/20/2013
citizensnat.com,4/25/2013
mcintoshcommercialbank.com,4/30/2013
tcbat.com,4/30/2013
fnblarned.com,5/2/2013
brahambank.com,5/5/2013
bowva.com,5/10/2013
cornerstone-online.com,5/12/2013
fnbcf.com,5/16/2013
mtmorrissavings.com,5/16/2013
medfordcoopbank.com,5/17/2013
sandersonbank.com,5/21/2013
villaparkbank.com,5/25/2013
sunbankpa.com,5/29/2013
ambankfl.com,6/4/2013
csblib.com,6/4/2013
eastprospectbank.com,6/4/2013
fbnoky.com,6/4/2013
fbtspiritlake.com,6/4/2013
northcountybank.com,6/4/2013
klamathfirst.com,6/5/2013
fcb.la,4/3/2001
farmtrader.org,5/4/2006
publicbank.org,2/15/2000
unitedsecuritybank.org,5/15/2002
1stchoicebank.cc,1/28/2000
keywestbank.cc,3/15/2000
ibb.cc,1/22/2001
rivercitybank.org,5/21/2011
firstcentralbank.biz,2/26/2012
sssb.us,3/25/2012
ccbank.us,7/18/2002
castlebank.biz,1/22/2013
villagebank.biz,3/5/2002
thebusinessbank.biz,11/19/2002
americantrustbank.us,9/17/2002
americanunitedbank.biz,9/15/2004
premierbank.us,9/28/2005
